Year,Portfolio,ISIN,Name,Weight,CI,Contribution
2013,P(mv)_oos,US8425871071,SOUTHERN,0.021673915818102154,7316.925681804439,158.5864312747391
2013,P(mv)_oos,US69351T1060,PPL,0.025217876520123386,2635.6785742637135,66.46621683251718
2013,P(mv)_oos,US92939U1060,WEC ENERGY GROUP,0.004481727629353497,7194.329314242653,32.243024462309094
2013,P(mv)_oos,US2091151041,CONSOLIDATED EDISON,0.11180368611702042,275.8450935346242,30.840498254465263
2013,P(mv)_oos,US75281A1097,RANGE RES.,0.01272240054268046,1612.0512482854847,20.509161676015964
2013,P(mv)_oos,US6516391066,NEWMONT,0.03109946399988704,455.0060802594244,14.150445212757681
2013,P(mv)_oos,US69331C1080,PG&E,0.02564792512387153,250.66489361702128,6.429034422672585
2013,P(mv)_oos,GB0002670437,DEVRO DEAD - DELIST.14/04/23,0.0145006134730451,208.9231750146884,3.0295142064493503
2013,P(mv)_oos,GB00B572ZV91,PHAROS ENERGY,0.006246496941376228,394.8114044295588,2.466188230189692
2013,P(mv)_oos,US30231G1022,EXXON MOBIL,0.005465197382902133,320.88307020921576,1.7536893155250075
2013,P(mv)_oos(0.5),US69351T1060,PPL,0.01957063022719853,2635.6785742637135,51.581890774664956
2013,P(mv)_oos(0.5),US2091151041,CONSOLIDATED EDISON,0.12455809879340246,275.8450935346242,34.35874041216106
2013,P(mv)_oos(0.5),US75281A1097,RANGE RES.,0.011668379790003585,1612.0512482854847,18.8100262059444
2013,P(mv)_oos(0.5),US6516391066,NEWMONT,0.03144690690748976,455.0060802594244,14.308533848259932
2013,P(mv)_oos(0.5),US69331C1080,PG&E,0.03085178137940395,250.66489361702128,7.733458497363889
2013,P(mv)_oos(0.5),GB0002670437,DEVRO DEAD - DELIST.14/04/23,0.013877837290794476,208.9231750146884,2.8994018291300234
2013,P(mv)_oos(0.5),GB00B572ZV91,PHAROS ENERGY,0.005845386824578291,394.8114044295588,2.3078253816457943
2013,P(mv)_oos(0.5),US30231G1022,EXXON MOBIL,0.006580692772385442,320.88307020921576,2.1116329009066366
2013,P(mv)_oos(0.5),US3703341046,GENERAL MILLS,0.10221590956986248,16.41422254414608,1.677794687232034
2013,P(mv)_oos(0.5),US9311421039,WALMART,0.11823676930612828,11.947043878233957,1.4125798709209405
2013,P(vw)_oos(0.5),GB0001500809,TULLOW OIL,0.0028884355228182956,296.47870152793155,0.8563596132523204
2013,P(vw)_oos(0.5),US6745991058,OCCIDENTAL PTL.,0.0013238467712497932,402.1058740620984,0.5323265630776849
2013,P(vw)_oos(0.5),GB0000456144,ANTOFAGASTA,0.003987653144088131,105.97953295587936,0.42260961780050404
2013,P(vw)_oos(0.5),US84265V1052,SOUTHERN COPPER,0.0037595573365354186,95.96258418842494,0.36077683741849076
2013,P(vw)_oos(0.5),US61945C1036,MOSAIC,0.0012437764013017547,251.17485010533142,0.31240535116151674
2013,P(vw)_oos(0.5),US35671D8570,FREEPORT-MCMORAN,0.0008721128369032913,325.36424208772905,0.28375433219401863
2013,P(vw)_oos(0.5),US1912161007,COCA COLA,0.007220664502651739,38.31577193786181,0.2766653343234184
2013,P(vw)_oos(0.5),CA13321L1085,CAMECO,0.002995985952943671,83.04983075907545,0.24881612634853925
2013,P(vw)_oos(0.5),US26875P1012,EOG RES.,0.011070459705668877,20.16477507605108,0.22323332995329953
2013,P(vw)_oos(0.5),GB00BN7SWP63,GLAXOSMITHKLINE,0.007507180908632781,24.92625367313852,0.1871258956987232
2013,P(vw),US26441C2044,DUKE ENERGY,0.0021536777612340147,6869.139828781084,14.79391368805265
2013,P(vw),US8425871071,SOUTHERN,0.001613706529567118,7316.925681804439,11.807370749085159
2013,P(vw),US0255371017,AMER.ELEC.PWR.,0.0010078001892211193,7714.954834392774,7.7751329419334265
2013,P(vw),US30231G1022,EXXON MOBIL,0.019392502986208187,320.88307020921576,6.222725897255868
2013,P(vw),US65339F1012,NEXTERA ENERGY,0.0016470617554694973,3370.2909478168262,5.551077324954138
2013,P(vw),US25746U1097,DOMINION ENERGY,0.0016597996616889727,3089.975093399751,5.128739614652258
2013,P(vw),CH0012214059,HOLCIM,0.0010851789027103878,4010.828314419435,4.352466269201437
2013,P(vw),US98389B1008,XCEL ENERGY,0.0006146181204602899,5581.959441453846,3.4307734203919322
2013,P(vw),US1667641005,CHEVRON,0.010618903181994615,309.932668250767,3.2911449970921507
2013,P(vw),US2810201077,EDISON INTL.,0.000666823378807044,4779.969650986343,3.1873955132658405
2014,P(mv)_oos,US8425871071,SOUTHERN,0.056554711759995,7081.40691753965,400.48692707668954
2014,P(mv)_oos,US2091151041,CONSOLIDATED EDISON,0.1063153668502106,259.3491986401166,27.572805195732137
2014,P(mv)_oos,US69351T1060,PPL,0.008117554382852658,2800.786263109321,22.735534805536588
2014,P(mv)_oos,US6516391066,NEWMONT,0.029294923795694688,492.6700312424898,14.43273102167126
2014,P(mv)_oos,US75281A1097,RANGE RES.,0.01196312310459938,1189.2462449235995,14.227099229703567
2014,P(mv)_oos,GB00B03HDJ73,ESKEN LIMITED DEAD - DELIST.02/04/24,0.009859286218296332,1312.846482898851,12.943729235583454
2014,P(mv)_oos,GB00B572ZV91,PHAROS ENERGY,0.013944929034968632,582.4645424473165,8.122426709813302
2014,P(mv)_oos,US8816242098,TEVA PHARMACEUTICAL INDUSTRIES ADR 1:1,0.09123324693436317,21.105830026255774,1.9255534025400898
2014,P(mv)_oos,US9311421039,WALMART,0.132320872692827,11.768149504297766,1.5571718123883398
2014,P(mv)_oos,GB00BRB37M78,DIGNITY DEAD - DELIST.25/05/23,0.037007735563091414,34.43595822937587,1.2743968360144038
2014,P(mv)_oos(0.5),US8425871071,SOUTHERN,0.018208840406340056,7081.40691753965,128.94420841383197
2014,P(mv)_oos(0.5),US2091151041,CONSOLIDATED EDISON,0.12528968859720616,259.3491986401166,32.49378033555517
2014,P(mv)_oos(0.5),US6516391066,NEWMONT,0.029805683472306114,492.6700312424898,14.684367007504814
2014,P(mv)_oos(0.5),US69351T1060,PPL,0.004601174704194128,2800.786263109321,12.886906905673008
2014,P(mv)_oos(0.5),US75281A1097,RANGE RES.,0.009940990879017066,1189.2462449235995,11.8222860736908
2014,P(mv)_oos(0.5),GB00B03HDJ73,ESKEN LIMITED DEAD - DELIST.02/04/24,0.008266323827191568,1312.846482898851,10.852414163031419
2014,P(mv)_oos(0.5),GB00B572ZV91,PHAROS ENERGY,0.012990809016988358,582.4645424473165,7.566685630100597
2014,P(mv)_oos(0.5),US8816242098,TEVA PHARMACEUTICAL INDUSTRIES ADR 1:1,0.09294813679784668,21.105830026255774,1.9617475765125216
2014,P(mv)_oos(0.5),US9311421039,WALMART,0.1355837617687872,11.768149504297766,1.5955699788501794
2014,P(mv)_oos(0.5),GB00BRB37M78,DIGNITY DEAD - DELIST.25/05/23,0.043737503563548906,34.43595822937587,1.5061428457715484
2014,P(vw)_oos(0.5),CA13646K1084,CANADIAN PACIFIC KANSAS CITY,0.0018589359612250366,575.6516993620252,1.070099645084372
2014,P(vw)_oos(0.5),US84265V1052,SOUTHERN COPPER,0.003994985780750448,107.50984849006618,0.4295003160084494
2014,P(vw)_oos(0.5),US6745991058,OCCIDENTAL PTL.,0.0007842075620833258,408.9143324473523,0.3206737117494688
2014,P(vw)_oos(0.5),GB0001500809,TULLOW OIL,0.0010035185439994689,289.76409741976005,0.29078364514599786
2014,P(vw)_oos(0.5),AN8068571086,SLB,0.006050209655460419,45.362249967598395,0.2744511227473729
2014,P(vw)_oos(0.5),US61945C1036,MOSAIC,0.0007715818058764295,354.9512951744371,0.27387396132886976
2014,P(vw)_oos(0.5),US1912161007,COCA COLA,0.00710651759907497,36.29144162414875,0.257905768597815
2014,P(vw)_oos(0.5),US58933Y1055,MERCK & COMPANY,0.009247122181434596,21.438466604592012,0.19824412007526762
2014,P(vw)_oos(0.5),ES0173093024,REDEIA CORPORACION,0.004908654920226139,34.973155342236254,0.17167115104650107
2014,P(vw)_oos(0.5),US26875P1012,EOG RES.,0.010998949532646225,15.420898675157039,0.1696136862761033
2014,P(vw),US26441C2044,DUKE ENERGY,0.002570191783087197,5480.120334986585,14.084960255311577
2014,P(vw),US8425871071,SOUTHERN,0.0019361987034042347,7081.40691753965,13.711010892018049
2014,P(vw),US0255371017,AMER.ELEC.PWR.,0.0012931524961912776,7989.841765969916,10.332083823837323
2014,P(vw),US65339F1012,NEXTERA ENERGY,0.002018880076401086,3279.865221987315,6.621654549951015
2014,P(vw),US25746U1097,DOMINION ENERGY,0.0019539999093198994,3002.2865853658536,5.866467715557229
2014,P(vw),US30231G1022,EXXON MOBIL,0.016900962809642883,297.24764059685276,5.0237713189815025
2014,P(vw),CH0012214059,HOLCIM,0.001022055626244107,4724.502667123674,4.82870453213904
2014,P(vw),US98389B1008,XCEL ENERGY,0.0007904397744383424,5278.798913686071,4.172572622639385
2014,P(vw),US6293775085,NRG ENERGY,0.00039652124166439563,9095.133953076582,3.6064138081779293
2014,P(vw),US9694571004,WILLIAMS,0.0014618877541229469,2345.5836734693876,3.4289800485156143
2015,P(mv)_oos,US8425871071,SOUTHERN,0.04167453102101475,6552.2282991281745,273.06104150878787
2015,P(mv)_oos,US75281A1097,RANGE RES.,0.021842707447101463,1066.810540029385,23.302030527346183
2015,P(mv)_oos,US2091151041,CONSOLIDATED EDISON,0.08691158297656255,246.45870423407385,21.4201161233358
2015,P(mv)_oos,US6516391066,NEWMONT,0.03200446714965676,521.1190345584201,16.678137022585805
2015,P(mv)_oos,GB00B572ZV91,PHAROS ENERGY,0.011872631694621105,901.7972934358125,10.706707128169556
2015,P(mv)_oos,US3703341046,GENERAL MILLS,0.11655362466238266,15.701345667675634,1.8300487496445939
2015,P(mv)_oos,US9311421039,WALMART,0.12092334381193014,13.919460682671302,1.6831877298073057
2015,P(mv)_oos,US4278661081,HERSHEY,0.10285578371064838,13.968100323265292,1.4366999056984124
2015,P(mv)_oos,US8816242098,TEVA PHARMACEUTICAL INDUSTRIES ADR 1:1,0.06390728977790464,19.98045876760007,1.276896968356493
2015,P(mv)_oos,US74834L1008,QUEST DIAGNOSTICS,0.08129585507371886,11.28836583725622,0.9176973531247008
2015,P(mv)_oos(0.5),US8425871071,SOUTHERN,0.010862523143917538,6552.2282991281745,71.17373154351124
2015,P(mv)_oos(0.5),US2091151041,CONSOLIDATED EDISON,0.10222304611450375,246.45870423407385,25.193759488240573
2015,P(mv)_oos(0.5),US75281A1097,RANGE RES.,0.01937628978680126,1066.810540029385,20.67083017122331
2015,P(mv)_oos(0.5),US6516391066,NEWMONT,0.033320889670475404,521.1190345584201,17.364149855705776
2015,P(mv)_oos(0.5),GB00B572ZV91,PHAROS ENERGY,0.01073296112020691,901.7972934358125,9.678955288754398
2015,P(mv)_oos(0.5),US3703341046,GENERAL MILLS,0.11550064020871599,15.701345667675634,1.813515476754885
2015,P(mv)_oos(0.5),US9311421039,WALMART,0.12349445363078415,13.919460682671302,1.7189761918416742
2015,P(mv)_oos(0.5),US4278661081,HERSHEY,0.10348420556816651,13.968100323265292,1.4454777652495585
2015,P(mv)_oos(0.5),US8816242098,TEVA PHARMACEUTICAL INDUSTRIES ADR 1:1,0.0658396160840357,19.98045876760007,1.3155057344416936
2015,P(mv)_oos(0.5),US74834L1008,QUEST DIAGNOSTICS,0.08135724554601706,11.28836583725622,0.9183903512349247
2015,P(vw)_oos(0.5),CA13646K1084,CANADIAN PACIFIC KANSAS CITY,0.0006075489992298338,588.3021796842943,0.35742240051192287
2015,P(vw)_oos(0.5),US1912161007,COCA COLA,0.006192224001237659,36.91479197428993,0.22858466086389342
2015,P(vw)_oos(0.5),CA00208D4084,ARC RESOURCES,0.00044443963607638756,505.8124046655042,0.22480308105245916
2015,P(vw)_oos(0.5),GB0001500809,TULLOW OIL,0.0005017395658085626,372.2534437224009,0.18677428122401962
2015,P(vw)_oos(0.5),US9078181081,UNION PACIFIC,0.00040660674671565134,451.6835084208771,0.18365756190412436
2015,P(vw)_oos(0.5),CA1363751027,CANADIAN NATIONAL RY.,0.0003214581510615157,556.887517115328,0.17901603160113153
2015,P(vw)_oos(0.5),BE0974293251,ANHEUSER-BUSCH INBEV,0.002142107123231031,83.27964801227284,0.17839392722726263
2015,P(vw)_oos(0.5),US58933Y1055,MERCK & COMPANY,0.008633484827749904,20.579113099888723,0.17766946071643858
2015,P(vw)_oos(0.5),US8825081040,TEXAS INSTRUMENTS,0.0020261710231619283,83.22131084706784,0.16862060854788033
2015,P(vw)_oos(0.5),DE000BAY0017,BAYER,0.0024459029232155325,65.95378555631716,0.1613165568893265
2015,P(vw),US8425871071,SOUTHERN,0.0019317502994000751,6552.2282991281745,12.657268978578497
2015,P(vw),US26441C2044,DUKE ENERGY,0.0022320167936808596,5634.273772204807,12.575793679756735
2015,P(vw),CH0012214059,HOLCIM,0.0013852019074558682,7256.528238876394,10.051756757998954
2015,P(vw),US0255371017,AMER.ELEC.PWR.,0.0012996796632016698,6022.326674500588,7.827095504005356
2015,P(vw),US65339F1012,NEXTERA ENERGY,0.002173203416339243,3282.6508644057585,7.133868073175563
2015,P(vw),US25746U1097,DOMINION ENERGY,0.0018290554737478977,2823.337809585076,5.164041474860983
2015,P(vw),US30231G1022,EXXON MOBIL,0.014739386452841006,312.53169866461235,4.606525485380575
2015,P(vw),US92939U1060,WEC ENERGY GROUP,0.0007357274934161906,6250.225130575734,4.5984624686053674
2015,P(vw),US98389B1008,XCEL ENERGY,0.0008277745646014329,4870.852382804983,4.031967710414246
2015,P(vw),US1667641005,CHEVRON,0.0076902568607110765,344.18919976011057,2.6469033548378453
2016,P(mv)_oos,US2091151041,CONSOLIDATED EDISON,0.10310638910534221,246.3756571610642,25.40290437333308
2016,P(mv)_oos,US30231G1022,EXXON MOBIL,0.0410297283405877,443.3934377771209,18.192312299994544
2016,P(mv)_oos,US6516391066,NEWMONT,0.03180203735895995,349.33367835425025,11.109522689764766
2016,P(mv)_oos,GB00B572ZV91,PHAROS ENERGY,0.003138305095842358,1823.7946823276054,5.723624145318919
2016,P(mv)_oos,US9311421039,WALMART,0.1379920210488804,12.672930537406923,1.7487632974688552
2016,P(mv)_oos,US8816242098,TEVA PHARMACEUTICAL INDUSTRIES ADR 1:1,0.06756437492685152,19.96072052935488,1.3486336056554353
2016,P(mv)_oos,US4278661081,HERSHEY,0.08894614542309379,15.012131384477838,1.335271221234356
2016,P(mv)_oos,GB00BRB37M78,DIGNITY DEAD - DELIST.25/05/23,0.03191914554695714,35.58731837158849,1.1359167947286348
2016,P(mv)_oos,US3703341046,GENERAL MILLS,0.06219400708798116,15.333429769998553,0.9536474397983513
2016,P(mv)_oos,US74834L1008,QUEST DIAGNOSTICS,0.047082229762633446,11.153076204457493,0.5251116964184275
2016,P(mv)_oos(0.5),US2091151041,CONSOLIDATED EDISON,0.05267605865634655,246.3756571610642,12.978098568112145
2016,P(mv)_oos(0.5),US6516391066,NEWMONT,0.02456483788176075,349.33367835425025,8.581325175411312
2016,P(mv)_oos(0.5),US9311421039,WALMART,0.14404417636629896,12.672930537406923,1.8254618414080988
2016,P(mv)_oos(0.5),US4278661081,HERSHEY,0.0880434053906134,15.012131384477838,1.3217191692607326
2016,P(mv)_oos(0.5),US75281A1097,RANGE RES.,0.0036412503600950705,358.8758267721866,1.3067567334636405
2016,P(mv)_oos(0.5),GB00BRB37M78,DIGNITY DEAD - DELIST.25/05/23,0.035042654784118894,35.58731837158849,1.2470741123881075
2016,P(mv)_oos(0.5),US3703341046,GENERAL MILLS,0.07207437652797748,15.333429769998553,1.1051473907081748
2016,P(mv)_oos(0.5),US8816242098,TEVA PHARMACEUTICAL INDUSTRIES ADR 1:1,0.05371672383486626,19.96072052935488,1.0722245122203016
2016,P(mv)_oos(0.5),CA0084741085,AGNICO-EAGLE MNS. (NYS),0.004647708303271309,179.306983202727,0.8333665546658433
2016,P(mv)_oos(0.5),CA8029121057,SAPUTO,0.02050503766042974,37.751509310582925,0.7740961201515668
2016,P(vw)_oos(0.5),GB0001500809,TULLOW OIL,0.0011037107711311138,498.1489577238586,0.5498123702675606
2016,P(vw)_oos(0.5),CA00208D4084,ARC RESOURCES,0.0006445331264034434,827.5583083325268,0.5333887437507083
2016,P(vw)_oos(0.5),US03743Q1085,APA,0.0007001920439941135,527.9649067836441,0.3696768272380013
2016,P(vw)_oos(0.5),CA2927661025,ENERPLUS DEAD - DELIST.04/06/24,0.00037787036124806514,826.8120784014255,0.3124277787498102
2016,P(vw)_oos(0.5),US8825081040,TEXAS INSTRUMENTS,0.003022320349143186,82.8423076923077,0.25037599230844265
2016,P(vw)_oos(0.5),US5658491064,MARATHON OIL DEAD - DELIST.22/11/24,0.00039087657572100886,548.6061472480343,0.2144372922558072
2016,P(vw)_oos(0.5),GB00B572ZV91,PHAROS ENERGY,0.00011456483211446698,1823.7946823276054,0.20894273159211976
2016,P(vw)_oos(0.5),US1912161007,COCA COLA,0.005676776555503968,36.15247305510993,0.20522951146273696
2016,P(vw)_oos(0.5),US75281A1097,RANGE RES.,0.00056428574303211,358.8758267721866,0.20250851256640612
2016,P(vw)_oos(0.5),AN8068571086,SLB,0.0063168648220804195,32.02255109231854,0.20228212650833988
2016,P(vw),US26441C2044,DUKE ENERGY,0.002292752050234065,5746.195490003836,13.174601490752034
2016,P(vw),US8425871071,SOUTHERN,0.0020668254040746964,5940.8771227628795,12.278755759812508
2016,P(vw),CH0012214059,HOLCIM,0.0013735736924864292,5495.156668431031,7.548002635848236
2016,P(vw),US0255371017,AMER.ELEC.PWR.,0.0013273225833510683,5652.395886514477,7.502552710211347
2016,P(vw),US30231G1022,EXXON MOBIL,0.016047160488903554,443.3934377771209,7.115205655736131
2016,P(vw),US65339F1012,NEXTERA ENERGY,0.0023932581220884614,2788.412951552495,6.673391944039668
2016,P(vw),US25746U1097,DOMINION ENERGY,0.0020235206460121344,3249.524950783189,6.575480827641348
2016,P(vw),US1667641005,CHEVRON,0.009526352203225489,509.0707145501666,4.849586923152553
2016,P(vw),US98389B1008,XCEL ENERGY,0.0008863783359532128,4783.987340373784,4.240422737981751
2016,P(vw),DE0006047004,HEIDELBERG MATERIALS,0.0007968117500741463,5069.09710795746,4.039116137887377
2017,P(mv)_oos,US8425871071,SOUTHERN,0.02095774273863123,4902.206574185766,102.73918423341202
2017,P(mv)_oos,US69331C1080,PG&E,0.07004939170609449,242.36380618136533,16.977437194578425
2017,P(mv)_oos,GB00B572ZV91,PHAROS ENERGY,0.0045134314336616145,2562.298324138649,11.564757798585855
2017,P(mv)_oos,US2091151041,CONSOLIDATED EDISON,0.039970904656278165,249.68944099378882,9.980312839642126
2017,P(mv)_oos,US30231G1022,EXXON MOBIL,0.01739905630026219,506.28297167853054,8.808845928098801
2017,P(mv)_oos,US75281A1097,RANGE RES.,0.021395868245868123,398.94147635033386,8.535699265803856
2017,P(mv)_oos,US6516391066,NEWMONT,0.014868024780351655,461.92817761883475,6.867959591579516
2017,P(mv)_oos,GB00BRB37M78,DIGNITY DEAD - DELIST.25/05/23,0.04582046366338143,39.52896033872515,1.8112352908518015
2017,P(mv)_oos,US9311421039,WALMART,0.11398596660870111,13.686704138735843,1.5600922009411151
2017,P(mv)_oos,US3703341046,GENERAL MILLS,0.07006475649225036,15.924465370557295,1.1157437884573702
2017,P(mv)_oos(0.5),US69331C1080,PG&E,0.0742324631306045,242.36380618136533,17.991262306551178
2017,P(mv)_oos(0.5),US2091151041,CONSOLIDATED EDISON,0.04688048359343753,249.68944099378882,11.705561741963905
2017,P(mv)_oos(0.5),GB00B572ZV91,PHAROS ENERGY,0.0036488423150617486,2562.298324138649,9.349422548928906
2017,P(mv)_oos(0.5),US30231G1022,EXXON MOBIL,0.01839663604744705,506.28297167853054,9.31390356698987
2017,P(mv)_oos(0.5),US75281A1097,RANGE RES.,0.020291840623758696,398.94147635033386,8.095256856307973
2017,P(mv)_oos(0.5),US6516391066,NEWMONT,0.015297339589942326,461.92817761883475,7.066272199198512
2017,P(mv)_oos(0.5),US8425871071,SOUTHERN,0.0004993689598014804,4902.206574185766,2.4480097976831248
2017,P(mv)_oos(0.5),GB00BRB37M78,DIGNITY DEAD - DELIST.25/05/23,0.04820259978487492,39.52896033872515,1.9053986551197621
2017,P(mv)_oos(0.5),US9311421039,WALMART,0.11734036095113375,13.686704138735843,1.60600280387064
2017,P(mv)_oos(0.5),US3703341046,GENERAL MILLS,0.07093809386732858,15.924465370557295,1.1296512192436168
2017,P(vw)_oos(0.5),CA8959451037,TRICAN WELL SER.,0.0010499925178136431,1209.2114107385771,1.269662933730386
2017,P(vw)_oos(0.5),US6516391066,NEWMONT,0.000770332074906303,461.92817761883475,0.35583809152280427
2017,P(vw)_oos(0.5),US26884L1098,EQT,0.0005659228635367931,511.74502877503784,0.289608212085088
2017,P(vw)_oos(0.5),US5951121038,MICRON TECHNOLOGY,0.0013154986118807889,215.07028189569093,0.28292465729059135
2017,P(vw)_oos(0.5),US8825081040,TEXAS INSTRUMENTS,0.0028009504656760944,86.8848167539267,0.2433600679470931
2017,P(vw)_oos(0.5),CA2927661025,ENERPLUS DEAD - DELIST.04/06/24,0.0001850990446100144,1251.3105121798426,0.23161638031495665
2017,P(vw)_oos(0.5),US6826801036,ONEOK,0.0006699348946835252,325.0780691797518,0.21778114203986076
2017,P(vw)_oos(0.5),CA00208D4084,ARC RESOURCES,0.00023450872229886923,915.1026271591488,0.2145995478674305
2017,P(vw)_oos(0.5),GB0001500809,TULLOW OIL,0.0001295616168160101,1532.4414276660057,0.19854558904424247
2017,P(vw)_oos(0.5),US26875P1012,EOG RES.,0.006429136199451964,29.548122085174377,0.18996890132362063
2017,P(vw),US26441C2044,DUKE ENERGY,0.002070773899566097,5927.098447874071,12.273680766016351
2017,P(vw),US8425871071,SOUTHERN,0.0016976389708925619,4902.206574185766,8.322176923703475
2017,P(vw),US65339F1012,NEXTERA ENERGY,0.002584257873882477,2739.844610091743,7.080465006844053
2017,P(vw),US30231G1022,EXXON MOBIL,0.012465257062739654,506.28297167853054,6.310947388460623
2017,P(vw),US0255371017,AMER.ELEC.PWR.,0.0012728620147332743,4808.299094633122,6.120301273034895
2017,P(vw),CH0012214059,HOLCIM,0.0012037762938195084,4816.907330020257,5.798478853403808
2017,P(vw),US1667641005,CHEVRON,0.008363697540550658,606.4226494334022,5.0719356216003595
2017,P(vw),US25746U1097,DOMINION ENERGY,0.0018348192178321027,2641.035358268723,4.845822430325546
2017,P(vw),CA1363851017,CANADIAN NATURAL RES.,0.0015361304820712637,2600.0802155037477,3.994062474865727
2017,P(vw),US98389B1008,XCEL ENERGY,0.0008592396943024683,4585.562489373536,3.9400973115741826
2018,P(mv)_oos,US8425871071,SOUTHERN,0.12080589402938222,4438.898658330077,536.2451209253901
2018,P(mv)_oos,US3379321074,FIRSTENERGY,0.04293175302470857,2344.966255261468,100.67351212216107
2018,P(mv)_oos,US1258961002,CMS ENERGY,0.005962375772906029,2580.949263253836,15.388589358324335
2018,P(mv)_oos,US6516391066,NEWMONT,0.0414601506485527,239.11268372346217,9.913647889154477
2018,P(mv)_oos,US69331C1080,PG&E,0.03593525104853144,240.18797782316895,8.631215281914677
2018,P(mv)_oos,CA0084741085,AGNICO-EAGLE MNS. (NYS),0.01156695256636595,141.8324038172733,1.6405686873280614
2018,P(mv)_oos,US1713401024,CHURCH & DWIGHT CO.,0.05953253961918127,23.675123139664215,1.4094402063010552
2018,P(mv)_oos,US4278661081,HERSHEY,0.0623492981240875,20.75743943190978,1.2942117794328325
2018,P(mv)_oos,US2371941053,DARDEN RESTAURANTS,0.020078210009439077,49.259982439817065,0.9890522724879282
2018,P(mv)_oos,GB00BRB37M78,DIGNITY DEAD - DELIST.25/05/23,0.020978927373116428,35.02492258810315,0.7347853072248411
2018,P(mv)_oos(0.5),US8425871071,SOUTHERN,0.044150038380755305,4438.898658330077,195.9775461335561
2018,P(mv)_oos(0.5),US3379321074,FIRSTENERGY,0.03394646602780846,2344.966255261468,79.60331732059065
2018,P(mv)_oos(0.5),US2091151041,CONSOLIDATED EDISON,0.04348019532462181,254.96551151001412,11.085950241497525
2018,P(mv)_oos(0.5),US69331C1080,PG&E,0.042264856059656554,240.18797782316895,10.151510309956215
2018,P(mv)_oos(0.5),US6516391066,NEWMONT,0.04129627391509969,239.11268372346217,9.874462883618694
2018,P(mv)_oos(0.5),US1713401024,CHURCH & DWIGHT CO.,0.06688622582621957,23.675123139664215,1.5835396327831373
2018,P(mv)_oos(0.5),CA0084741085,AGNICO-EAGLE MNS. (NYS),0.010245819445734033,141.8324038172733,1.4531892010662206
2018,P(mv)_oos(0.5),US03027X1000,AMERICAN TOWER,0.013294608018043712,108.42689716232238,1.4414930963858121
2018,P(mv)_oos(0.5),US4278661081,HERSHEY,0.06572655306130762,20.75743943190978,1.3643149442382974
2018,P(mv)_oos(0.5),GB00BRB37M78,DIGNITY DEAD - DELIST.25/05/23,0.02722874354515023,35.02492258810315,0.9536846348402002
2018,P(vw)_oos(0.5),US0231351067,AMAZON.COM,0.0132998269408063,27.99860569192538,0.3723766102864818
2018,P(vw)_oos(0.5),GB0001500809,TULLOW OIL,0.0005499208972678693,543.3089844857911,0.2987769642421212
2018,P(vw)_oos(0.5),US6516391066,NEWMONT,0.0011854928418120708,239.11268372346217,0.28346637494063803
2018,P(vw)_oos(0.5),US92922P1066,W&T OFFSHORE,0.0003097906589366262,576.3771412616815,0.17855625438746517
2018,P(vw)_oos(0.5),US4581401001,INTEL,0.0072811648481786945,23.230987396631665,0.16914864882083677
2018,P(vw)_oos(0.5),US1912161007,COCA COLA,0.003194080478823931,50.532140134940576,0.161403722358209
2018,P(vw)_oos(0.5),US6558441084,NORFOLK SOUTHERN,0.000313665917003999,475.819899535589,0.1492484851165812
2018,P(vw)_oos(0.5),US58933Y1055,MERCK & COMPANY,0.007710526898404287,19.171526843128458,0.1478225734074218
2018,P(vw)_oos(0.5),US6267171022,MURPHY OIL,0.0001351615171234244,1041.231188892635,0.1407343871669554
2018,P(vw)_oos(0.5),CH0048265513,TRANSOCEAN,0.00028462895372272383,468.1331987891019,0.13324426257421396
2018,P(vw),US26441C2044,DUKE ENERGY,0.002337842607090446,4064.795889666879,9.502853019989345
2018,P(vw),US65339F1012,NEXTERA ENERGY,0.0031569472817843023,2514.6301893554746,7.938554940978511
2018,P(vw),US8425871071,SOUTHERN,0.001717196891339396,4438.898658330077,7.622462977055023
2018,P(vw),US0255371017,AMER.ELEC.PWR.,0.0014008974985722132,4885.687816452619,6.844347840873212
2018,P(vw),US30034W1062,EVERGY,0.0005683489929200313,11568.616995001561,6.575011818586696
2018,P(vw),US25746U1097,DOMINION ENERGY,0.0017826634612370296,2867.023438741459,5.11093792675454
2018,P(vw),US30231G1022,EXXON MOBIL,0.010970873632044409,446.95187255968494,4.90345251345792
2018,P(vw),US98389B1008,XCEL ENERGY,0.0009620722054275375,4451.803142004564,4.2829560669575715
2018,P(vw),CH0012214059,HOLCIM,0.0009475115386054962,4351.6195640112355,4.123209748522064
2018,P(vw),US1667641005,CHEVRON,0.007899290002779086,504.5296374064209,3.9854259208702976
2019,P(mv)_oos,US26441C2044,DUKE ENERGY,0.036134446591659465,3460.8870303005588,125.05723755616248
2019,P(mv)_oos,US8425871071,SOUTHERN,0.029563093131230837,3754.5675675675675,110.99663066749882
2019,P(mv)_oos,US4198701009,HAWAIIAN ELECTRIC INDS.,0.04239300609243057,1415.7237938807675,60.016787419186294
2019,P(mv)_oos,US3379321074,FIRSTENERGY,0.022905058515316996,1607.5009324216321,36.819902920544116
2019,P(mv)_oos,CA0084741085,AGNICO-EAGLE MNS. (NYS),0.03492971308779706,206.0702897447234,7.197976096702398
2019,P(mv)_oos,US2091151041,CONSOLIDATED EDISON,0.018059250000213883,235.6326497527762,4.255348930098221
2019,P(mv)_oos,US6516391066,NEWMONT,0.012099961717819897,219.87508617123947,2.6604801253743484
2019,P(mv)_oos,US03027X1000,AMERICAN TOWER,0.026343286646765218,91.44164728968697,2.4088735260046255
2019,P(mv)_oos,US1713401024,CHURCH & DWIGHT CO.,0.06653768350753292,21.12520803685569,1.4056224063870946
2019,P(mv)_oos,GB00BRB37M78,DIGNITY DEAD - DELIST.25/05/23,0.02661137264477411,38.34323536173663,1.0203661246174536
2019,P(mv)_oos(0.5),US4198701009,HAWAIIAN ELECTRIC INDS.,0.03640074058091947,1415.7237938807675,51.53339455528893
2019,P(mv)_oos(0.5),US3379321074,FIRSTENERGY,0.026669407779476465,1607.5009324216321,42.871097872641144
2019,P(mv)_oos(0.5),US8425871071,SOUTHERN,0.005041636426781922,3754.5675675675675,18.929164615462643
2019,P(mv)_oos(0.5),US2091151041,CONSOLIDATED EDISON,0.05563570077670695,235.6326497527762,13.109587594868048
2019,P(mv)_oos(0.5),US26441C2044,DUKE ENERGY,0.002435975410687821,3460.8870303005588,8.430635704980556
2019,P(mv)_oos(0.5),CA0084741085,AGNICO-EAGLE MNS. (NYS),0.03557491630912206,206.0702897447234,7.330933311465069
2019,P(mv)_oos(0.5),US03027X1000,AMERICAN TOWER,0.02983455171454261,91.44164728968697,2.728120554927131
2019,P(mv)_oos(0.5),US6516391066,NEWMONT,0.011724151702468457,219.87508617123947,2.577848865864936
2019,P(mv)_oos(0.5),US1713401024,CHURCH & DWIGHT CO.,0.06854607620446326,21.12520803685569,1.4480501199294498
2019,P(mv)_oos(0.5),GB00BRB37M78,DIGNITY DEAD - DELIST.25/05/23,0.02942715506516621,38.34323536173663,1.1283323326899883
2019,P(vw)_oos(0.5),US6516391066,NEWMONT,0.0019226143218599612,219.87508617123947,0.4227349896930181
2019,P(vw)_oos(0.5),US0231351067,AMAZON.COM,0.010786858485316048,24.73302502930606,0.26679164090490426
2019,P(vw)_oos(0.5),US03027X1000,AMERICAN TOWER,0.002110756056948012,91.44164728968697,0.19301101087401054
2019,P(vw)_oos(0.5),US1912161007,COCA COLA,0.0032612701480064254,57.487512958250875,0.18748230989387613
2019,P(vw)_oos(0.5),US6826801036,ONEOK,0.0005114557493277775,333.5134305858497,0.17057736155116346
2019,P(vw)_oos(0.5),US6267171022,MURPHY OIL,0.0003326534346594493,471.645505904021,0.15689449748066617
2019,P(vw)_oos(0.5),US21036P1084,CONSTELLATION BRANDS 'A',0.004264599260198357,36.751188001188,0.15672908916127706
2019,P(vw)_oos(0.5),US4581401001,INTEL,0.0068464380968468,21.01682475158085,0.1438903896539759
2019,P(vw)_oos(0.5),US6866881021,ORMAT TECHNOLOGIES,0.00045211002227144975,281.4740562266863,0.12725724182948245
2019,P(vw)_oos(0.5),CA29250N1050,ENBRIDGE,0.0006201878501482522,196.65167336535555,0.12196097853251615
2019,P(vw),US65339F1012,NEXTERA ENERGY,0.0034761725182285864,3055.2554740061164,10.620595114907514
2019,P(vw),US8425871071,SOUTHERN,0.0019625028403823823,3754.5675675675675,7.368349515758923
2019,P(vw),US26441C2044,DUKE ENERGY,0.002030451514852596,3460.8870303005588,7.027163313407471
2019,P(vw),US0255371017,AMER.ELEC.PWR.,0.0013720150521125765,3999.599152861562,5.487510240142773
2019,P(vw),US25746U1097,DOMINION ENERGY,0.0020025764010474525,2379.0510998054765,4.764231589356434
2019,P(vw),CH0012214059,HOLCIM,0.001003386883318431,4379.201500017662,4.394033344526119
2019,P(vw),US98389B1008,XCEL ENERGY,0.001000148084632594,4170.95799704938,4.1715756518319385
2019,P(vw),DE0007037129,RWE,0.0005532235366145005,5972.554645944095,3.304157803852558
2019,P(vw),US30231G1022,EXXON MOBIL,0.008673417687780965,361.57690490169404,3.136107522467449
2019,P(vw),US0091581068,AIR PRDS.& CHEMS.,0.0015234028187132472,1857.3218761188684,2.8294493813372608
2020,P(mv)_oos,US26441C2044,DUKE ENERGY,0.050542600933407796,2995.534112205431,151.4020852156091
2020,P(mv)_oos,US25746U1097,DOMINION ENERGY,0.047148816701716785,1996.255037211835,94.12106283937963
2020,P(mv)_oos,US3379321074,FIRSTENERGY,0.05237572934981501,1332.5489805165382,69.79322474890613
2020,P(mv)_oos,US4198701009,HAWAIIAN ELECTRIC INDS.,0.04647978509926311,1343.7680568538033,62.458050505819145
2020,P(mv)_oos,US65473P1057,NISOURCE,0.024466558800724056,1396.0874656837336,34.1574560701049
2020,P(mv)_oos,US7607591002,REPUBLIC SVS.'A',0.00930491677637544,1554.0135347690157,14.459966610386711
2020,P(mv)_oos,US6516391066,NEWMONT,0.02936798365506258,165.54969199178646,4.861860648515429
2020,P(mv)_oos,NL0009432491,KONINKLIJKE VOPAK,0.03181723571618864,149.5071371792493,4.756903824884725
2020,P(mv)_oos,US2091151041,CONSOLIDATED EDISON,0.009894672654817718,217.98950214728805,2.1569347659340994
2020,P(mv)_oos,DE0007042301,RHOEN-KLINIKUM,0.0510124767152839,28.764858225238832,1.4673666604334386
2020,P(mv)_oos(0.5),US25746U1097,DOMINION ENERGY,0.04315348525583779,1996.255037211835,86.14536231521284
2020,P(mv)_oos(0.5),US3379321074,FIRSTENERGY,0.04943413111768178,1332.5489805165382,65.87340102358773
2020,P(mv)_oos(0.5),US4198701009,HAWAIIAN ELECTRIC INDS.,0.018144827326471907,1343.7680568538033,24.382439358440944
2020,P(mv)_oos(0.5),US2091151041,CONSOLIDATED EDISON,0.0784428126300471,217.98950214728805,17.099709672256967
2020,P(mv)_oos(0.5),US6516391066,NEWMONT,0.031189933236139347,165.54969199178646,5.1634838404872525
2020,P(mv)_oos(0.5),NL0009432491,KONINKLIJKE VOPAK,0.02924568117615985,149.5071371792493,4.37243806750472
2020,P(mv)_oos(0.5),US03027X1000,AMERICAN TOWER,0.02931158774600756,83.78401910214635,2.4558426276257364
2020,P(mv)_oos(0.5),DE0007042301,RHOEN-KLINIKUM,0.052635237126002515,28.764858225238832,1.51404513358129
2020,P(mv)_oos(0.5),US65473P1057,NISOURCE,0.0009196570492565376,1396.0874656837336,1.28392167919474
2020,P(mv)_oos(0.5),US4404521001,HORMEL FOODS,0.03744375370910472,28.989551532149274,1.085477627707197
2020,P(vw)_oos(0.5),US0231351067,AMAZON.COM,0.024089376604414684,34.29321051468334,0.8261020630626804
2020,P(vw)_oos(0.5),CA0084741085,AGNICO-EAGLE MNS. (NYS),0.0011331172543406376,307.3544650200553,0.3482686475128606
2020,P(vw)_oos(0.5),US6516391066,NEWMONT,0.0020469229319895793,165.54969199178646,0.3388674609217993
2020,P(vw)_oos(0.5),US21036P1084,CONSTELLATION BRANDS 'A',0.005969472936721565,36.9998057733861,0.22086933922818264
2020,P(vw)_oos(0.5),US03027X1000,AMERICAN TOWER,0.0019921997477070565,83.78401910214635,0.16691450171717914
2020,P(vw)_oos(0.5),CA4969024047,KINROSS GOLD (NYS),0.0004923474426101418,309.7885639910148,0.1525236072308444
2020,P(vw)_oos(0.5),US6092071058,MONDELEZ INTERNATIONAL CL.A,0.004093083051984344,32.95763104994588,0.13489832108408648
2020,P(vw)_oos(0.5),FR0000120693,PERNOD-RICARD,0.005229343406181619,24.38902120214021,0.12753856720663562
2020,P(vw)_oos(0.5),NL0009432491,KONINKLIJKE VOPAK,0.0008050709085347125,149.5071371792493,0.12036384676132213
2020,P(vw)_oos(0.5),US5951121038,MICRON TECHNOLOGY,0.0006646692074937904,159.02926781993506,0.10570185741019397
2020,P(vw),US65339F1012,NEXTERA ENERGY,0.003972879081968511,2345.0586162021473,9.316634322299535
2020,P(vw),US8425871071,SOUTHERN,0.0017059025082066478,3506.7921938465847,5.982245599242382
2020,P(vw),US26441C2044,DUKE ENERGY,0.0017712404892858168,2995.534112205431,5.3058113065751025
2020,P(vw),FI0009007132,FORTUM,0.0005628154899671475,8142.675720983548,4.582824025548952
2020,P(vw),DE0007037129,RWE,0.0007518484898790566,4837.023653941413,3.636708929725128
2020,P(vw),CH0012214059,HOLCIM,0.0008905171300892607,3976.1704490289285,3.5408478970149684
2020,P(vw),US0255371017,AMER.ELEC.PWR.,0.0010869703065633474,3190.1070597761127,3.46755164873474
2020,P(vw),US25746U1097,DOMINION ENERGY,0.0016126131538910108,1996.255037211835,3.2191871315289946
2020,P(vw),US98389B1008,XCEL ENERGY,0.0009208460405039814,3371.8548364708945,3.104959175318423
2020,P(vw),US0091581068,AIR PRDS.& CHEMS.,0.0015891568899177046,1910.699919549477,3.0364019417172554
2021,P(mv)_oos,US3379321074,FIRSTENERGY,0.0694015249710035,1474.8697868396664,102.35821234033173
2021,P(mv)_oos,US1258961002,CMS ENERGY,0.027792158630085564,2628.4694610778442,73.05084021661096
2021,P(mv)_oos,US1270971039,COTERRA ENERGY,0.04129325256285944,1078.3186974281607,44.52728631615465
2021,P(mv)_oos,US65339F1012,NEXTERA ENERGY,0.01077435375503831,2400.30467554548,25.861731694199456
2021,P(mv)_oos,US2091151041,CONSOLIDATED EDISON,0.030950752394400566,227.5028580761065,7.0413846293320255
2021,P(mv)_oos,NL0009432491,KONINKLIJKE VOPAK,0.018212078534125885,225.14152297796622,4.100295097767428
2021,P(mv)_oos,US6516391066,NEWMONT,0.02030147978037768,151.36331216839176,3.0728992214776003
2021,P(mv)_oos,DE0007042301,RHOEN-KLINIKUM,0.0763093495365493,29.82942650951763,2.276264133989591
2021,P(mv)_oos,ES0112501012,EBRO FOODS,0.025776410020347272,62.274898296277954,1.6052233124602864
2021,P(mv)_oos,US4404521001,HORMEL FOODS,0.022363970462717517,69.0557475729659,1.5443606990026864
2021,P(mv)_oos(0.5),US3379321074,FIRSTENERGY,0.03763301147170675,1474.8697868396664,55.503791607410854
2021,P(mv)_oos(0.5),US1270971039,COTERRA ENERGY,0.037931339793141075,1078.3186974281607,40.90207291744484
2021,P(mv)_oos(0.5),US2091151041,CONSOLIDATED EDISON,0.061056193491127654,227.5028580761065,13.890458522479312
2021,P(mv)_oos(0.5),US65339F1012,NEXTERA ENERGY,0.0018870573548595536,2400.30467554548,4.529512591891873
2021,P(mv)_oos(0.5),NL0009432491,KONINKLIJKE VOPAK,0.018241026974126346,225.14152297796622,4.106812593636969
2021,P(mv)_oos(0.5),US6516391066,NEWMONT,0.018438156539045823,151.36331216839176,2.7908604440292666
2021,P(mv)_oos(0.5),DE0007042301,RHOEN-KLINIKUM,0.06891515556479626,29.82942650951763,2.055699568312065
2021,P(mv)_oos(0.5),US4404521001,HORMEL FOODS,0.027373342756456465,69.0557475729659,1.8902866476181321
2021,P(mv)_oos(0.5),US0584981064,BALL,0.0352202169537979,37.955691367456076,1.336807684593197
2021,P(mv)_oos(0.5),US1890541097,CLOROX,0.0970598525119432,9.98989898989899,0.9696181225688063
2021,P(vw)_oos(0.5),CA00900Q1037,AIMIA,0.006643025123461118,293.622641509434,1.9505425843641875
2021,P(vw)_oos(0.5),US1270971039,COTERRA ENERGY,0.00051728138363669,1078.3186974281607,0.5577941878069522
2021,P(vw)_oos(0.5),US0231351067,AMAZON.COM,0.017152892001008037,31.3678561067595,0.5380494481024062
2021,P(vw)_oos(0.5),US20825C1045,CONOCOPHILLIPS,0.00045229666859825346,943.3560477001704,0.42667679767680217
2021,P(vw)_oos(0.5),US5658491064,MARATHON OIL DEAD - DELIST.22/11/24,0.00033332947892315053,1130.6854580397182,0.3768907945543631
2021,P(vw)_oos(0.5),US25179M1036,DEVON ENERGY,0.0005527581499082023,655.1744061630644,0.36215299261790057
2021,P(vw)_oos(0.5),US03027X1000,AMERICAN TOWER,0.00435998833995718,79.10924578747746,0.3449153892162084
2021,P(vw)_oos(0.5),CA6744822033,OBSIDIAN ENERGY,0.0002628431487060281,1270.7708324771572,0.33401340689207654
2021,P(vw)_oos(0.5),US4595061015,INTL.FLAVORS & FRAG.,0.001624657176349476,174.87277840400503,0.28410831438223844
2021,P(vw)_oos(0.5),CA1363751027,CANADIAN NATIONAL RY.,0.0004936810129525171,474.8370055162364,0.23441801387059555
2021,P(vw),US65339F1012,NEXTERA ENERGY,0.003855947478571868,2400.30467554548,9.255448761473861
2021,P(vw),US8425871071,SOUTHERN,0.001530198886777805,4047.3823312883437,6.193299937701581
2021,P(vw),US26441C2044,DUKE ENERGY,0.001699106176958687,3309.8709569297803,5.62382218785555
2021,P(vw),US0255371017,AMER.ELEC.PWR.,0.0009444559214076361,3765.760632771391,3.556594928224707
2021,P(vw),CH0012214059,HOLCIM,0.0006619338327795355,4621.6670352996325,3.0592377745067187
2021,P(vw),DE0007037129,RWE,0.0005786327637510374,5277.980738103437,3.054012581513532
2021,P(vw),US25746U1097,DOMINION ENERGY,0.0013397119283581644,2236.8981795088907,2.9967991736107233
2021,P(vw),US30231G1022,EXXON MOBIL,0.005453959608015806,543.1921780326363,2.9625481983801287
2021,P(vw),US1667641005,CHEVRON,0.0047626055580665015,603.3597611965577,2.8735645521884026
2021,P(vw),US98389B1008,XCEL ENERGY,0.0007677874541425524,3427.03453062641,2.631234117528268
2022,P(mv)_oos,US3379321074,FIRSTENERGY,0.05334846244102993,1485.4136722960834,79.24453550587994
2022,P(mv)_oos,US1258961002,CMS ENERGY,0.02233621992218432,2411.6285987174238,53.866666751581576
2022,P(mv)_oos,US25746U1097,DOMINION ENERGY,0.009598495700346547,2198.892795760527,21.106063045630414
2022,P(mv)_oos,US1270971039,COTERRA ENERGY,0.0373472333356879,421.50272479564035,15.741960614571022
2022,P(mv)_oos,ES0112501012,EBRO FOODS,0.09586017246991968,62.61810306374073,6.002582159429393
2022,P(mv)_oos,DE0007042301,RHOEN-KLINIKUM,0.06800129922840464,25.472848913123087,1.732186821141225
2022,P(mv)_oos,US8326964058,J M SMUCKER,0.06086784727798783,25.464598683626495,1.5499753036702275
2022,P(mv)_oos,CA8029121057,SAPUTO,0.028884139849754128,46.00883807002991,1.3289257131394356
2022,P(mv)_oos,CA59162N1096,METRO,0.05076478068244509,18.461237646268362,0.9371806802393122
2022,P(mv)_oos,US6516391066,NEWMONT,0.006346842598025059,144.8190967108493,0.9191440120119291
2022,P(mv)_oos(0.5),US3379321074,FIRSTENERGY,0.029943898236699032,1485.4136722960834,44.479075842635325
2022,P(mv)_oos(0.5),US1270971039,COTERRA ENERGY,0.03541467971975355,421.50272479564035,14.927383999641027
2022,P(mv)_oos(0.5),ES0112501012,EBRO FOODS,0.08773102401773421,62.61810306374073,5.493550303829994
2022,P(mv)_oos(0.5),US2091151041,CONSOLIDATED EDISON,0.023930357744780344,205.8350394852296,4.925706131292532
2022,P(mv)_oos(0.5),DE0007042301,RHOEN-KLINIKUM,0.06714857807969203,25.472848913123087,1.710465584155044
2022,P(mv)_oos(0.5),US8326964058,J M SMUCKER,0.05964290763512858,25.464598683626495,1.5187827072531517
2022,P(mv)_oos(0.5),CA8029121057,SAPUTO,0.027465101798418764,46.00883807002991,1.263637421220336
2022,P(mv)_oos(0.5),US6516391066,NEWMONT,0.007273889806685474,144.8190967108493,1.0533981513784445
2022,P(mv)_oos(0.5),CA59162N1096,METRO,0.05585684700352261,18.461237646268362,1.0311865267032838
2022,P(mv)_oos(0.5),US4278661081,HERSHEY,0.047605459324252745,19.975952302315697,0.9509643847911029
2022,P(vw)_oos(0.5),US1270971039,COTERRA ENERGY,0.002742483038564287,421.50272479564035,1.1559640734606742
2022,P(vw)_oos(0.5),CA00900Q1037,AIMIA,0.004560431287378749,205.62896405919665,0.9377567612868406
2022,P(vw)_oos(0.5),US20825C1045,CONOCOPHILLIPS,0.0019095847957843993,327.48538011695905,0.6253611027130196
2022,P(vw)_oos(0.5),CA6744822033,OBSIDIAN ENERGY,0.00048061315718086084,925.2535562006587,0.44468903283841765
2022,P(vw)_oos(0.5),NO0010215684,AKASTOR,0.0021930615450528683,178.64684272945533,0.39178352093507607
2022,P(vw)_oos(0.5),US5658491064,MARATHON OIL DEAD - DELIST.22/11/24,0.0006364719848220348,564.4586894586895,0.3592621424298167
2022,P(vw)_oos(0.5),US0126531013,ALBEMARLE,0.0019116112995850362,185.699514747336,0.3549852907184656
2022,P(vw)_oos(0.5),US0231351067,AMAZON.COM,0.010249031734443482,27.712623078527614,0.2840275533765003
2022,P(vw)_oos(0.5),US1667641005,CHEVRON,0.0008120459617366009,340.60383275709165,0.27658596694240484
2022,P(vw)_oos(0.5),US92922P1066,W&T OFFSHORE,0.00042987501324843466,628.900915754198,0.27034878949178853
2022,P(vw),US65339F1012,NEXTERA ENERGY,0.004188097665980762,2459.7796590309918,10.30179744881465
2022,P(vw),US8425871071,SOUTHERN,0.0019598941775541387,3672.1801583524425,7.197084511284787
2022,P(vw),US26441C2044,DUKE ENERGY,0.0019993907719205897,3110.770211579073,6.219645254596659
2022,P(vw),US30231G1022,EXXON MOBIL,0.0114508686522511,346.95618232547383,3.9729496718954853
2022,P(vw),US0255371017,AMER.ELEC.PWR.,0.001230040253384903,3048.624940447832,3.7499313942239865
2022,P(vw),US1667641005,CHEVRON,0.008749679649995148,340.60383275709165,2.9801744241850754
2022,P(vw),US25746U1097,DOMINION ENERGY,0.0012881515675416766,2198.892795760527,2.8325072017150226
2022,P(vw),US98389B1008,XCEL ENERGY,0.0009672552572929555,2826.297371751917,2.7337509915003047
2022,P(vw),US69351T1060,PPL,0.0005424031059616195,4686.330797164102,2.541880379945401
2022,P(vw),US0091581068,AIR PRDS.& CHEMS.,0.0017251321020143845,1453.1164320965088,2.506817804974293
2023,P(mv)_oos,US1258961002,CMS ENERGY,0.0286162849605051,1871.0829455560727,53.54344275477383
2023,P(mv)_oos,US3379321074,FIRSTENERGY,0.035197315622951836,1220.5926639377158,42.961585239675365
2023,P(mv)_oos,US1270971039,COTERRA ENERGY,0.04479433715719272,142.78011351692243,6.395740544219273
2023,P(mv)_oos,ES0112501012,EBRO FOODS,0.07266372281682053,51.98187901293657,3.777196848093523
2023,P(mv)_oos,DE0007042301,RHOEN-KLINIKUM,0.11474941195034982,23.813617171895938,2.7325985668858115
2023,P(mv)_oos,US4404521001,HORMEL FOODS,0.05238666011146875,50.48976863155447,2.6449903484079407
2023,P(mv)_oos,US4278661081,HERSHEY,0.07095194043228473,17.08378705889286,1.212127841760403
2023,P(mv)_oos,CA8029121057,SAPUTO,0.029009865214142852,39.96967565902734,1.1595149035213894
2023,P(mv)_oos,US8326964058,J M SMUCKER,0.02674930567259834,23.737902547969547,0.6349724112819883
2023,P(mv)_oos,BE0974256852,COLRUYT GROUP,0.04599655015076404,7.357955784163917,0.33844058223339996
2023,P(mv)_oos(0.5),US3379321074,FIRSTENERGY,0.02072589634325993,1220.5926639377158,25.297877030116602
2023,P(mv)_oos(0.5),US1270971039,COTERRA ENERGY,0.04331860258280392,142.78011351692243,6.185034994167193
2023,P(mv)_oos(0.5),ES0112501012,EBRO FOODS,0.06724442015654973,51.98187901293657,3.495491312872841
2023,P(mv)_oos(0.5),US4404521001,HORMEL FOODS,0.05933968772327624,50.48976863155447,2.9960471038169105
2023,P(mv)_oos(0.5),DE0007042301,RHOEN-KLINIKUM,0.11705954007923215,23.813617171895938,2.7876110737650435
2023,P(mv)_oos(0.5),US2091151041,CONSOLIDATED EDISON,0.015340251133216324,170.7721761327377,2.6196880684420476
2023,P(mv)_oos(0.5),US4278661081,HERSHEY,0.07423776059722301,17.08378705889286,1.2682620937720246
2023,P(mv)_oos(0.5),CA8029121057,SAPUTO,0.02565250144836306,39.96967565902734,1.0253221627338005
2023,P(mv)_oos(0.5),US8326964058,J M SMUCKER,0.02693860670047682,23.737902547969547,0.6394660206339982
2023,P(mv)_oos(0.5),BE0974256852,COLRUYT GROUP,0.0480922402945714,7.357955784163917,0.35386057764884266
2023,P(vw)_oos(0.5),US0231351067,AMAZON.COM,0.020407346964482403,27.666284682567323,0.5645954707352963
2023,P(vw)_oos(0.5),CA8787422044,TECK RESOURCES SUBORDINATE VOTING B,0.0019255083264009983,232.9183182652133,0.4484861611909859
2023,P(vw)_oos(0.5),US1270971039,COTERRA ENERGY,0.002889134363125275,142.78011351692243,0.4125109323326681
2023,P(vw)_oos(0.5),US5658491064,MARATHON OIL DEAD - DELIST.22/11/24,0.0009182956766317391,418.4818481848185,0.3842900719369786
2023,P(vw)_oos(0.5),CA6744822033,OBSIDIAN ENERGY,0.0005679006147571062,566.8618308990483,0.3219211822499083
2023,P(vw)_oos(0.5),US20825C1045,CONOCOPHILLIPS,0.0013369546404253957,209.34084133819147,0.2798792092576516
2023,P(vw)_oos(0.5),CA1363751027,CANADIAN NATIONAL RY.,0.0007135698425505039,386.3710410983489,0.2757027229626231
2023,P(vw)_oos(0.5),US94106L1098,WASTE MANAGEMENT,0.0002948215448388623,758.3866382373845,0.2235887202702971
2023,P(vw)_oos(0.5),US1264081035,CSX,0.0007547602482510245,285.4185013128661,0.2154225389063342
2023,P(vw)_oos(0.5),US88642R1095,TIDEWATER,0.0001224783507548357,1658.7348151258948,0.20315910449624686
2023,P(vw),US65339F1012,NEXTERA ENERGY,0.0026307968942412135,2017.4936533689636,5.307616037434429
2023,P(vw),US8425871071,SOUTHERN,0.0016144006754394036,2707.200519143413,4.370506346655031
2023,P(vw),US26441C2044,DUKE ENERGY,0.0015788439800490002,2538.236929922136,4.007480096745621
2023,P(vw),CH0012214059,HOLCIM,0.0009589741992345497,2306.2190125194033,2.2116045307902885
2023,P(vw),US0255371017,AMER.ELEC.PWR.,0.0009016606872040441,2207.344229741083,1.9902755150842262
2023,P(vw),US30231G1022,EXXON MOBIL,0.008435667231047016,230.76440709851383,1.9466517470529265
2023,P(vw),US98389B1008,XCEL ENERGY,0.0007211938653109989,2363.1613324624427,1.7042974557120796
2023,P(vw),US0091581068,AIR PRDS.& CHEMS.,0.0012844860431866303,1312.2034924800646,1.6855070719113954
2023,P(vw),CA87807B1076,TC ENERGY,0.0008597282240605953,1856.4767026216534,1.596065418554784
2023,P(vw),US25746U1097,DOMINION ENERGY,0.000830261039186196,1719.094212181204,1.4272969470645414
2024,P(mv)_oos,US3379321074,FIRSTENERGY,0.04836938342694661,1089.256721056721,52.68667599117117
2024,P(mv)_oos,US1258961002,CMS ENERGY,0.020870170990846166,2155.4313856874833,44.984221578334264
2024,P(mv)_oos,US98389B1008,XCEL ENERGY,0.004308326408539045,2299.028579473462,9.904965542931523
2024,P(mv)_oos,US1270971039,COTERRA ENERGY,0.03791565588543063,207.13177339901478,7.853537043136038
2024,P(mv)_oos,ES0112501012,EBRO FOODS,0.09613921303660525,57.873984318117834,5.563959307636682
2024,P(mv)_oos,US4404521001,HORMEL FOODS,0.05357351220214946,51.52782288030854,2.760526447828406
2024,P(mv)_oos,DE0007042301,RHOEN-KLINIKUM,0.11404353423470494,17.34019614662308,1.9775372528839077
2024,P(mv)_oos,US8326964058,J M SMUCKER,0.054020318125354905,21.300470284363655,1.1506581809809935
2024,P(mv)_oos,US4278661081,HERSHEY,0.06325199847374353,17.10561010702023,1.0819640243816955
2024,P(mv)_oos,CA8029121057,SAPUTO,0.026390926713585457,39.70244148241003,1.0477842235126982
2024,P(mv)_oos(0.5),US3379321074,FIRSTENERGY,0.02396144455394551,1089.256721056721,26.100164526613113
2024,P(mv)_oos(0.5),US1270971039,COTERRA ENERGY,0.03672919881698774,207.13177339901478,7.607784086487666
2024,P(mv)_oos(0.5),ES0112501012,EBRO FOODS,0.08845672244179938,57.873984318117834,5.119342967428799
2024,P(mv)_oos(0.5),US4404521001,HORMEL FOODS,0.05959840710055914,51.52782288030854,3.0709761650261345
2024,P(mv)_oos(0.5),DE0007042301,RHOEN-KLINIKUM,0.11640919195598524,17.34019614662308,2.0185582217866815
2024,P(mv)_oos(0.5),US4278661081,HERSHEY,0.07435698524464958,17.10561010702023,1.271921598328432
2024,P(mv)_oos(0.5),US8326964058,J M SMUCKER,0.05566903792938098,21.300470284363655,1.1857766881738927
2024,P(mv)_oos(0.5),CA8029121057,SAPUTO,0.022102448316586455,39.70244148241003,0.8775211609072658
2024,P(mv)_oos(0.5),CA2918434077,EMPIRE 'A',0.024029850228598194,14.736082653065827,0.3541058591094157
2024,P(mv)_oos(0.5),US09062X1037,BIOGEN,0.05203953050531331,5.755724104274269,0.299525180104548
2024,P(vw)_oos(0.5),US9694571004,WILLIAMS,0.0012521051126253577,1345.5286503868958,1.6847433023333298
2024,P(vw)_oos(0.5),US26884L1098,EQT,0.0035425903026026872,432.8609056205722,1.5334488466272562
2024,P(vw)_oos(0.5),NO0010215684,AKASTOR,0.001154604804357378,913.3964281471508,1.054611904221569
2024,P(vw)_oos(0.5),US0231351067,AMAZON.COM,0.030241173065027032,26.322885948659064,0.796034949544367
2024,P(vw)_oos(0.5),US1270971039,COTERRA ENERGY,0.003693489583322083,207.13177339901478,0.7650390474242912
2024,P(vw)_oos(0.5),US20825C1045,CONOCOPHILLIPS,0.0024492808149343204,276.215243761244,0.6765286973368216
2024,P(vw)_oos(0.5),US94106L1098,WASTE MANAGEMENT,0.000892383540709711,647.375893469108,0.5777075919840753
2024,P(vw)_oos(0.5),US8168511090,SEMPRA,0.001260630553725467,403.79336124401914,0.5090342485757153
2024,P(vw)_oos(0.5),CA6744822033,OBSIDIAN ENERGY,0.000725664010752066,675.7714562707363,0.49038302530918687
2024,P(vw)_oos(0.5),US26875P1012,EOG RES.,0.001673897560851125,257.83452928286,0.4315885896697773
2024,P(vw),US8425871071,SOUTHERN,0.0016739665297447895,3138.3630459747355,5.253514697149615
2024,P(vw),US65339F1012,NEXTERA ENERGY,0.0027360446607795027,1503.8271679590239,4.1145382936294475
2024,P(vw),US26441C2044,DUKE ENERGY,0.0015516529901428036,2512.7322780454233,3.8988885526575197
2024,P(vw),US30231G1022,EXXON MOBIL,0.008690326415259984,271.8877073890713,2.3627929255077236
2024,P(vw),CH0012214059,HOLCIM,0.001036067225637099,2275.483783876986,2.357554170943637
2024,P(vw),US0255371017,AMER.ELEC.PWR.,0.0009121787634995507,2470.745747354114,2.253761800743249
2024,P(vw),US29364G1031,ENTERGY,0.0006044835160508251,3555.052878753104,2.1489708638952836
2024,P(vw),US25746U1097,DOMINION ENERGY,0.0008396660709898615,2051.2557493225872,1.7223698556290612
2024,P(vw),CA87807B1076,TC ENERGY,0.000897276574020936,1886.9977475043565,1.6931588740659322
2024,P(vw),US98389B1008,XCEL ENERGY,0.0007195874143920289,2299.028579473462,1.6543520311166875
